title,company,date
DevOps Engineer,Tech-1,2026-02-07
DevOps Engineer,Tech-2,2026-02-07
DevOps Engineer,Tech-3,2026-02-07
DevOps Engineer,Tech-4,2026-02-07
DevOps Engineer,Tech-5,2026-02-07
DevOps Engineer,Tech-6,2026-02-07
DevOps Engineer,Tech-7,2026-02-07
DevOps Engineer,Tech-8,2026-02-07
DevOps Engineer,Tech-9,2026-02-07
DevOps Engineer,Tech-10,2026-02-07
DevOps Engineer,Tech-11,2026-02-07
DevOps Engineer,Tech-12,2026-02-07
DevOps Engineer,Tech-13,2026-02-07
DevOps Engineer,Tech-14,2026-02-07
DevOps Engineer,Tech-15,2026-02-07
DevOps Engineer,Tech-16,2026-02-07
DevOps Engineer,Tech-17,2026-02-07
DevOps Engineer,Tech-18,2026-02-07
DevOps Engineer,Tech-19,2026-02-07
DevOps Engineer,Tech-20,2026-02-07
DevOps Engineer,Tech-21,2026-02-07
DevOps Engineer,Tech-22,2026-02-07
DevOps Engineer,Tech-23,2026-02-07
DevOps Engineer,Tech-24,2026-02-07
DevOps Engineer,Tech-25,2026-02-07
DevOps Engineer,Tech-26,2026-02-07
DevOps Engineer,Tech-27,2026-02-07
DevOps Engineer,Tech-28,2026-02-07
DevOps Engineer,Tech-29,2026-02-07
DevOps Engineer,Tech-30,2026-02-07
DevOps Engineer,Tech-31,2026-02-07
DevOps Engineer,Tech-32,2026-02-07
DevOps Engineer,Tech-33,2026-02-07
DevOps Engineer,Tech-34,2026-02-07
DevOps Engineer,Tech-35,2026-02-07
DevOps Engineer,Tech-36,2026-02-07
DevOps Engineer,Tech-37,2026-02-07
DevOps Engineer,Tech-38,2026-02-07
DevOps Engineer,Tech-39,2026-02-07
DevOps Engineer,Tech-40,2026-02-07
DevOps Engineer,Tech-41,2026-02-07
DevOps Engineer,Tech-42,2026-02-07
DevOps Engineer,Tech-43,2026-02-07
DevOps Engineer,Tech-44,2026-02-07
DevOps Engineer,Tech-45,2026-02-07
DevOps Engineer,Tech-46,2026-02-07
DevOps Engineer,Tech-47,2026-02-07
DevOps Engineer,Tech-48,2026-02-07
DevOps Engineer,Tech-49,2026-02-07
DevOps Engineer,Tech-50,2026-02-07
DevOps Engineer,Tech-51,2026-02-07
DevOps Engineer,Tech-52,2026-02-07
DevOps Engineer,Tech-53,2026-02-07
DevOps Engineer,Tech-54,2026-02-07
DevOps Engineer,Tech-55,2026-02-07
DevOps Engineer,Tech-56,2026-02-07
DevOps Engineer,Tech-57,2026-02-07
DevOps Engineer,Tech-58,2026-02-07
DevOps Engineer,Tech-59,2026-02-07
DevOps Engineer,Tech-60,2026-02-07
DevOps Engineer,Tech-61,2026-02-07
DevOps Engineer,Tech-62,2026-02-07
DevOps Engineer,Tech-63,2026-02-07
DevOps Engineer,Tech-64,2026-02-07
DevOps Engineer,Tech-65,2026-02-07
DevOps Engineer,Tech-66,2026-02-07
DevOps Engineer,Tech-67,2026-02-07
DevOps Engineer,Tech-68,2026-02-07
DevOps Engineer,Tech-69,2026-02-07
DevOps Engineer,Tech-70,2026-02-07
DevOps Engineer,Tech-71,2026-02-07
DevOps Engineer,Tech-72,2026-02-07
DevOps Engineer,Tech-73,2026-02-07
DevOps Engineer,Tech-74,2026-02-07
DevOps Engineer,Tech-75,2026-02-07
DevOps Engineer,Tech-76,2026-02-07
DevOps Engineer,Tech-77,2026-02-07
DevOps Engineer,Tech-78,2026-02-07
DevOps Engineer,Tech-79,2026-02-07
DevOps Engineer,Tech-80,2026-02-07
DevOps Engineer,Tech-81,2026-02-07
DevOps Engineer,Tech-82,2026-02-07
DevOps Engineer,Tech-83,2026-02-07
DevOps Engineer,Tech-84,2026-02-07
DevOps Engineer,Tech-85,2026-02-07
DevOps Engineer,Tech-86,2026-02-07
DevOps Engineer,Tech-87,2026-02-07
DevOps Engineer,Tech-88,2026-02-07
DevOps Engineer,Tech-89,2026-02-07
DevOps Engineer,Tech-90,2026-02-07
DevOps Engineer,Tech-91,2026-02-07
DevOps Engineer,Tech-92,2026-02-07
DevOps Engineer,Tech-93,2026-02-07
DevOps Engineer,Tech-94,2026-02-07
DevOps Engineer,Tech-95,2026-02-07
DevOps Engineer,Tech-96,2026-02-07
DevOps Engineer,Tech-97,2026-02-07
DevOps Engineer,Tech-98,2026-02-07
DevOps Engineer,Tech-99,2026-02-07
DevOps Engineer,Tech-100,2026-02-07
